id,name,email,phone,message
1,Tonny,tonny@gmail.com,0132423748,"Facing some problems."
2,abc,abc@gmail.com,234554,"shwr5 rge"
3,"Sanjida Aziz",sanjidaaziz@gmail.com,3253267,"I want to have an appointment with the head . Is that possible? Let me know."
4,proma,proma@gamil.com,241536,"sf sgdeag dgrqeg"
5,Fahmida,fahmida@gmail.com,29557283,"Hello everyone."
6,proma,sanjidaaziz@gmail.com,0132423748,qqqqqqqqqqqqqqqqqqqqqqqqq
7,"Sanjida Aziz",sanjidaaziz@gmail.com,3253267,"4qsd ffffffffffewwwwwwwwwwwwwww"
8,Tonny,sanjidaaziz@gmail.com,3253267,ttttttttttttt
10,"Sanjida Aziz",abc@gmail.com,222222222222222,sssssssssssssssssssssssssssss
